[
    { "code": "GH", "name": "GHANA" },
    { "code": "GA", "name": "GABON" },
    { "code": "GY", "name": "GUYANA" },
    { "code": "GM", "name": "GAMBIA" },
    { "code": "GP", "name": "GUADELOUPE" },
    { "code": "GT", "name": "GUATEMALA" },
    { "code": "GU", "name": "GUAM" },
    { "code": "GD", "name": "GRENADA" },
    { "code": "GE", "name": "GEORGIA" },
    { "code": "GR", "name": "GREECE" },
    { "code": "GL", "name": "GREENLAND" },
    { "code": "GW", "name": "GUINEA-BISSAU" },
    { "code": "GN", "name": "GUINEA" },
    { "code": "NA", "name": "NAMIBIA" },
    { "code": "NG", "name": "NIGERIA" },
    { "code": "ZA", "name": "SOUTHAFRICA" },
    { "code": "NL", "name": "NETHERLANDS" },
    { "code": "AN", "name": "NETHERLANDS" },
    { "code": "NP", "name": "NEPAL" },
    { "code": "NO", "name": "NORWAY" },
    { "code": "NF", "name": "NORFOLKISLAND" },
    { "code": "NZ", "name": "NEWZEALAND" },
    { "code": "NC", "name": "NEWCALEDONIA" },
    { "code": "NE", "name": "NIGER" },
    { "code": "NI", "name": "NICARAGUA" },
    { "code": "TW", "name": "TAIWAN" },
    { "code": "DK", "name": "DENMARK" },
    { "code": "DM", "name": "DOMINICA" },
    { "code": "DO", "name": "DOMINICANREPUBLIC" },
    { "code": "DE", "name": "GERMANY" },
    { "code": "LA", "name": "LAOPEOPLE'SDEMREP" },
    { "code": "LV", "name": "LATVIA" },
    { "code": "RU", "name": "RUSSIANFEDERATION" },
    { "code": "LB", "name": "LEBANON" },
    { "code": "LS", "name": "LESOTHO" },
    { "code": "RO", "name": "ROMANIA" },
    { "code": "RW", "name": "RWANDA" },
    { "code": "LU", "name": "LUXEMBOURE" },
    { "code": "LR", "name": "LIBERIA" },
    { "code": "LY", "name": "LIBYANARABJAMAHIRIYA" },
    { "code": "RE", "name": "REUNION" },
    { "code": "LT", "name": "LITHUANIA" },
    { "code": "LI", "name": "LIECHTENSTEIN" },
    { "code": "MG", "name": "MADAGASCAR" },
    { "code": "MH", "name": "MARSHALLISLANDS" },
    { "code": "FM", "name": "MICRONESIA" },
    { "code": "MK", "name": "MACEDONIA" },
    { "code": "MW", "name": "MALAWI" },
    { "code": "MY", "name": "MALAYSIA" },
    { "code": "ML", "name": "MALI" },
    { "code": "MT", "name": "MALTA" },
    { "code": "MQ", "name": "MARTINIQUE" },
    { "code": "MX", "name": "MEXICO" },
    { "code": "MC", "name": "MONACO" },
    { "code": "MA", "name": "MOROCCO" },
    { "code": "MU", "name": "MAURITIUS" },
    { "code": "MR", "name": "MAURITANIA" },
    { "code": "MZ", "name": "MOZAMBIQUE" },
    { "code": "MS", "name": "MONTSERRAT" },
    { "code": "MD", "name": "MOLDOVA,REPUBLICOF" },
    { "code": "MV", "name": "MALDIVES" },
    { "code": "MN", "name": "MONGOLIA" },
    { "code": "US", "name": "U.S.A" },
    { "code": "VI", "name": "VIRGINISLANDSU.S." },
    { "code": "AS", "name": "AMERICANSAMOA" },
    { "code": "MM", "name": "MYANMAR" },
    { "code": "VU", "name": "VANUATU" },
    { "code": "BH", "name": "BAHRAIN" },
    { "code": "BB", "name": "BARBADOS" },
    { "code": "BS", "name": "BAHAMAS" },
    { "code": "BD", "name": "BANGLADESH" },
    { "code": "BY", "name": "BELARUS" },
    { "code": "BM", "name": "BERMUDA" },
    { "code": "VE", "name": "VENEZUELA" },
    { "code": "BJ", "name": "BENIN" },
    { "code": "VN", "name": "VIETNAM" },
    { "code": "BE", "name": "BELGIUM" },
    { "code": "BZ", "name": "BELIZE" },
    { "code": "BA", "name": "BosniaandHerzegovina" },
    { "code": "BW", "name": "BOTSWANA" },
    { "code": "BO", "name": "BOLIVIA" },
    { "code": "BF", "name": "BURKINAFASO" },
    { "code": "BT", "name": "BHUTAN" },
    { "code": "MP", "name": "NORTHERNMARIANAISLANDS" },
    { "code": "BG", "name": "BULGARIA" },
    { "code": "BR", "name": "BRAZIL" },
    { "code": "BN", "name": "BRUNEIDARUSSALAM" },
    { "code": "BI", "name": "BURUNDI" },
    { "code": "WS", "name": "SAMOA" },
    { "code": "SA", "name": "SAUDIARABIA" },
    { "code": "CY", "name": "CYPRUS" },
    { "code": "SM", "name": "SANMARINO" },
    { "code": "SN", "name": "SENEGAL" },
    { "code": "SC", "name": "SEYCHELLES" },
    { "code": "LC", "name": "SAINTLUCIA" },
    { "code": "VC", "name": "SAINTVINCENTANDTHEGRENADINES" },
    { "code": "KN", "name": "SAINTKITTSANDNEVIS" },
    { "code": "SB", "name": "SOLOMONISLANDS" },
    { "code": "SR", "name": "SURINAME" },
    { "code": "LK", "name": "SRILANKA" },
    { "code": "SZ", "name": "SWAZILAND" },
    { "code": "SE", "name": "SWEDEN" },
    { "code": "CH", "name": "SWITZERLAND" },
    { "code": "ES", "name": "SPAIN" },
    { "code": "SK", "name": "SLOVAKIA" },
    { "code": "SI", "name": "SLOVENIA" },
    { "code": "SL", "name": "SIERRALEONE" },
    { "code": "SG", "name": "SINGAPORE" },
    { "code": "AE", "name": "UNITEDARABEMIRATES" },
    { "code": "AW", "name": "ARUBA" },
    { "code": "AM", "name": "ARMENIA" },
    { "code": "AR", "name": "ARGENTINA" },
    { "code": "IS", "name": "ICELAND" },
    { "code": "HT", "name": "HAITI" },
    { "code": "IE", "name": "IRELAND" },
    { "code": "AZ", "name": "AZERBAIJAN" },
    { "code": "AF", "name": "AFGHANISTAN" },
    { "code": "AI", "name": "ANGUILLA" },
    { "code": "AD", "name": "ANDORRA" },
    { "code": "AG", "name": "ANTIGUAANDBARBUDA" },
    { "code": "AL", "name": "ALBANIA" },
    { "code": "DZ", "name": "ALGERIA" },
    { "code": "AO", "name": "ANGOLA" },
    { "code": "ER", "name": "ERITREA" },
    { "code": "EE", "name": "ESTONIA" },
    { "code": "EC", "name": "ECUADOR" },
    { "code": "SV", "name": "ELSALVADOR" },
    { "code": "GB", "name": "UNITEDKINGDOM" },
    { "code": "VG", "name": "VIRGINISLANDSBRITISH" },
    { "code": "YE", "name": "YEMEN" },
    { "code": "OM", "name": "OMAN" },
    { "code": "AU", "name": "AUSTRALIA" },
    { "code": "AT", "name": "AUSTRIA" },
    { "code": "HN", "name": "HONDURAS" },
    { "code": "JO", "name": "JORDAN" },
    { "code": "UG", "name": "UGANDA" },
    { "code": "UY", "name": "URUGUAY" },
    { "code": "UZ", "name": "UZBEKISTAN" },
    { "code": "UA", "name": "UKRAINE" },
    { "code": "ET", "name": "ETHIOPIA" },
    { "code": "IQ", "name": "IRAQ" },
    { "code": "IR", "name": "IRAN" },
    { "code": "IL", "name": "ISRAEL" },
    { "code": "EG", "name": "EGYPT" },
    { "code": "IT", "name": "ITALY" },
    { "code": "IN", "name": "INDIA" },
    { "code": "ID", "name": "INDONESIA" },
    { "code": "JP", "name": "JAPAN" },
    { "code": "JM", "name": "JAMAICA" },
    { "code": "ZM", "name": "ZAMBIA" },
    { "code": "CN", "name": "CHINA(PEOPLE'SREP)" },
    { "code": "MO", "name": "MACAO" },
    { "code": "HK", "name": "CHINA" },
    { "code": "CF", "name": "CENTRALAFRICANREPUBLIC" },
    { "code": "DJ", "name": "DJIBOUTI" },
    { "code": "GI", "name": "GIBRALTAR" },
    { "code": "ZW", "name": "ZIMBABWE" },
    { "code": "TD", "name": "CHAD" },
    { "code": "CZ", "name": "CZECHREP" },
    { "code": "CS", "name": "CZECHOSLOVAKIA" },
    { "code": "CL", "name": "CHILE" },
    { "code": "CA", "name": "CANADA" },
    { "code": "CM", "name": "CAMEROON" },
    { "code": "CV", "name": "CAPEVERDE" },
    { "code": "KY", "name": "CAYMANISLANDS" },
    { "code": "KZ", "name": "KAZAKHSTAN" },
    { "code": "QA", "name": "QATAR" },
    { "code": "KH", "name": "CAMBODIA" },
    { "code": "KE", "name": "KENYA" },
    { "code": "CR", "name": "COSTARICA" },
    { "code": "CI", "name": "COTEDIVOIRE" },
    { "code": "CO", "name": "COLOMBIA" },
    { "code": "CG", "name": "CONGO" },
    { "code": "CU", "name": "CUBA" },
    { "code": "KW", "name": "KUWAIT" },
    { "code": "HR", "name": "CROATIA" },
    { "code": "KG", "name": "KYRGYZSTAN" },
    { "code": "KI", "name": "KIRIBATI" },
    { "code": "TJ", "name": "TAJIKISTAN" },
    { "code": "TZ", "name": "TANZANIA" },
    { "code": "TH", "name": "THAILAND" },
    { "code": "TC", "name": "TURKSANDCAICOSISLANDS" },
    { "code": "TR", "name": "TURKEY" },
    { "code": "TG", "name": "TOGO" },
    { "code": "TO", "name": "TONGA" },
    { "code": "TV", "name": "TUVALU" },
    { "code": "TN", "name": "TUNISIA" },
    { "code": "TT", "name": "TRINIDADANDTOBAGO" },
    { "code": "PA", "name": "PANAMA" },
    { "code": "PY", "name": "PARAGUAY" },
    { "code": "PK", "name": "PAKISTAN" },
    { "code": "PG", "name": "PAPUANEWGUINEA" },
    { "code": "PW", "name": "PALAU" },
    { "code": "FO", "name": "FAROEISLANDS" },
    { "code": "PE", "name": "PERU" },
    { "code": "PT", "name": "PORTUGAL" },
    { "code": "PL", "name": "POLAND" },
    { "code": "PR", "name": "PUERTORICO" },
    { "code": "FR", "name": "FRANCE" },
    { "code": "GF", "name": "FRENCHGUIANA" },
    { "code": "PF", "name": "FRENCHPOLYNESIA" },
    { "code": "FJ", "name": "FIJI" },
    { "code": "FI", "name": "FINLAND" },
    { "code": "PH", "name": "PHILIPPINES" },
    { "code": "HU", "name": "HUNGARY" }
]